{"cameraMode":{"drawMode":0,"name":"Shaded","section":"Shading Mode"},"sceneLighting":false,"audioPlay":false,"sceneViewState":{"m_AlwaysRefresh":false,"showFog":true,"showSkybox":false,"showFlares":true,"showImageEffects":true,"showParticleSystems":true,"showVisualEffectGraphs":true,"m_FxEnabled":true},"in2DMode":false,"pivot":{"x":0.9725556969642639,"y":-0.6778920888900757,"z":2.5433690547943117},"rotation":{"x":0.019752919673919679,"y":0.9792456030845642,"z":-0.16336889564990998,"w":0.11837567389011383},"size":2.501070737838745,"orthographic":false}