{"cameraMode":{"drawMode":0,"name":"Shaded","section":"Shading Mode"},"sceneLighting":false,"audioPlay":false,"sceneViewState":{"m_AlwaysRefresh":false,"showFog":true,"showSkybox":false,"showFlares":true,"showImageEffects":true,"showParticleSystems":true,"showVisualEffectGraphs":true,"m_FxEnabled":true},"in2DMode":false,"pivot":{"x":12.473509788513184,"y":0.17469576001167298,"z":3.5524380207061769},"rotation":{"x":-0.00033888366306200624,"y":-0.9600014686584473,"z":0.2800157964229584,"w":-0.0011601613368839026},"size":5.239770412445068,"orthographic":false}