{"cameraMode":{"drawMode":0,"name":"Shaded","section":"Shading Mode"},"sceneLighting":false,"audioPlay":false,"sceneViewState":{"m_AlwaysRefresh":false,"showFog":true,"showSkybox":false,"showFlares":true,"showImageEffects":true,"showParticleSystems":true,"showVisualEffectGraphs":true,"m_FxEnabled":true},"in2DMode":false,"pivot":{"x":0.7941662669181824,"y":-1.5631744861602784,"z":24.406980514526368},"rotation":{"x":0.09167811274528504,"y":0.007463476154953241,"z":-0.000688294239807874,"w":0.9957670569419861},"size":15.668356895446778,"orthographic":false}