{"cameraMode":{"drawMode":0,"name":"Shaded","section":"Shading Mode"},"sceneLighting":false,"audioPlay":false,"sceneViewState":{"m_AlwaysRefresh":false,"showFog":true,"showSkybox":false,"showFlares":true,"showImageEffects":true,"showParticleSystems":true,"showVisualEffectGraphs":true,"m_FxEnabled":true},"in2DMode":false,"pivot":{"x":0.5597789287567139,"y":1.402349829673767,"z":-0.41324806213378909},"rotation":{"x":-0.06658712029457092,"y":0.9334083795547485,"z":-0.2511168122291565,"w":-0.24750590324401856},"size":1.2247449159622193,"orthographic":false}