{"cameraMode":{"drawMode":0,"name":"Shaded","section":"Shading Mode"},"sceneLighting":false,"audioPlay":false,"sceneViewState":{"m_AlwaysRefresh":false,"showFog":true,"showSkybox":false,"showFlares":true,"showImageEffects":true,"showParticleSystems":true,"showVisualEffectGraphs":true,"m_FxEnabled":true},"in2DMode":false,"pivot":{"x":-1.023025393486023,"y":1.839685082435608,"z":-3.777801036834717},"rotation":{"x":0.009558209218084813,"y":0.9904389381408691,"z":0.09956590086221695,"w":-0.09507434070110321},"size":3.7168290615081789,"orthographic":false}