{"cameraMode":{"drawMode":0,"name":"Shaded","section":"Shading Mode"},"sceneLighting":true,"audioPlay":false,"sceneViewState":{"m_AlwaysRefresh":false,"showFog":true,"showSkybox":true,"showFlares":true,"showImageEffects":true,"showParticleSystems":true,"showVisualEffectGraphs":true,"m_FxEnabled":true},"in2DMode":false,"pivot":{"x":10.368751525878907,"y":-6.143712997436523,"z":14.702431678771973},"rotation":{"x":-0.3430580794811249,"y":0.07401560992002487,"z":-0.02712893672287464,"w":-0.9360072612762451},"size":10.956663131713868,"orthographic":false}