{"cameraMode":{"drawMode":0,"name":"Shaded","section":"Shading Mode"},"sceneLighting":true,"audioPlay":false,"sceneViewState":{"m_AlwaysRefresh":false,"showFog":true,"showSkybox":true,"showFlares":true,"showImageEffects":true,"showParticleSystems":true,"showVisualEffectGraphs":true,"m_FxEnabled":true},"in2DMode":false,"pivot":{"x":51.70657730102539,"y":-48.27159118652344,"z":-186.54811096191407},"rotation":{"x":0.014022834599018097,"y":0.9852226376533508,"z":-0.13864868879318238,"w":0.09964746981859207},"size":107.80423736572266,"orthographic":false}