{"cameraMode":{"drawMode":0,"name":"Shaded","section":"Shading Mode"},"sceneLighting":true,"audioPlay":false,"sceneViewState":{"m_AlwaysRefresh":false,"showFog":true,"showSkybox":true,"showFlares":true,"showImageEffects":true,"showParticleSystems":true,"showVisualEffectGraphs":true,"m_FxEnabled":true},"in2DMode":false,"pivot":{"x":15.858154296875,"y":-6.991208553314209,"z":-8.14510726928711},"rotation":{"x":-0.00033888366306200624,"y":-0.9600014686584473,"z":0.2800157964229584,"w":-0.0011601613368839026},"size":10.956663131713868,"orthographic":false}