{"cameraMode":{"drawMode":0,"name":"Shaded","section":"Shading Mode"},"sceneLighting":true,"audioPlay":false,"sceneViewState":{"m_AlwaysRefresh":false,"showFog":true,"showSkybox":true,"showFlares":true,"showImageEffects":true,"showParticleSystems":true,"showVisualEffectGraphs":true,"m_FxEnabled":true},"in2DMode":false,"pivot":{"x":383.5141906738281,"y":4.110532283782959,"z":-453.24761962890627},"rotation":{"x":0.41528210043907168,"y":0.1868676096200943,"z":-0.08758358657360077,"w":0.8859934210777283},"size":2.0391058921813967,"orthographic":false}