{"cameraMode":{"drawMode":0,"name":"Shaded","section":"Shading Mode"},"sceneLighting":true,"audioPlay":false,"sceneViewState":{"m_AlwaysRefresh":false,"showFog":true,"showSkybox":true,"showFlares":true,"showImageEffects":true,"showParticleSystems":true,"showVisualEffectGraphs":true,"m_FxEnabled":true},"in2DMode":false,"pivot":{"x":383.37347412109377,"y":-0.17045652866363526,"z":-451.8515319824219},"rotation":{"x":-0.10959210246801377,"y":0.8463678359985352,"z":-0.19131849706172944,"w":-0.48482203483581545},"size":1.2247447967529297,"orthographic":false}