{"cameraMode":{"drawMode":0,"name":"Shaded","section":"Shading Mode"},"sceneLighting":true,"audioPlay":false,"sceneViewState":{"m_AlwaysRefresh":false,"showFog":true,"showSkybox":true,"showFlares":true,"showImageEffects":true,"showParticleSystems":true,"showVisualEffectGraphs":true,"m_FxEnabled":true},"in2DMode":false,"pivot":{"x":69.7343978881836,"y":-0.5284228324890137,"z":38.261295318603519},"rotation":{"x":0.044816773384809497,"y":-0.791918933391571,"z":0.05856489762663841,"w":0.6062135100364685},"size":16.064882278442384,"orthographic":false}