{"cameraMode":{"drawMode":0,"name":"Shaded","section":"Shading Mode"},"sceneLighting":true,"audioPlay":false,"sceneViewState":{"m_AlwaysRefresh":false,"showFog":true,"showSkybox":true,"showFlares":true,"showImageEffects":true,"showParticleSystems":true,"showVisualEffectGraphs":true,"m_FxEnabled":true},"in2DMode":false,"pivot":{"x":107.43455505371094,"y":-124.90562438964844,"z":0.14547348022460938},"rotation":{"x":0.2675922214984894,"y":0.6941554546356201,"z":-0.31526103615760805,"w":0.5892030596733093},"size":105.06126403808594,"orthographic":false}