{"cameraMode":{"drawMode":0,"name":"Shaded","section":"Shading Mode"},"sceneLighting":true,"audioPlay":false,"sceneViewState":{"m_AlwaysRefresh":false,"showFog":true,"showSkybox":true,"showFlares":true,"showImageEffects":true,"showParticleSystems":true,"showVisualEffectGraphs":true,"m_FxEnabled":true},"in2DMode":false,"pivot":{"x":357.46502685546877,"y":-14.324810028076172,"z":-382.0601806640625},"rotation":{"x":-0.01347124669700861,"y":-0.9014689922332764,"z":-0.028126122429966928,"w":0.43175286054611208},"size":1.9090522527694703,"orthographic":false}