{"cameraMode":{"drawMode":0,"name":"Shaded","section":"Shading Mode"},"sceneLighting":false,"audioPlay":false,"sceneViewState":{"m_AlwaysRefresh":false,"showFog":true,"showSkybox":false,"showFlares":true,"showImageEffects":true,"showParticleSystems":true,"showVisualEffectGraphs":true,"m_FxEnabled":true},"in2DMode":false,"pivot":{"x":-0.3309718072414398,"y":0.10244861990213394,"z":0.8551243543624878},"rotation":{"x":-0.19798462092876435,"y":0.6466671824455261,"z":-0.17918658256530763,"w":-0.7145107984542847},"size":3.1167891025543215,"orthographic":false}