{"cameraMode":{"drawMode":0,"name":"Shaded","section":"Shading Mode"},"sceneLighting":false,"audioPlay":false,"sceneViewState":{"m_AlwaysRefresh":false,"showFog":true,"showSkybox":false,"showFlares":true,"showImageEffects":true,"showParticleSystems":true,"showVisualEffectGraphs":true,"m_FxEnabled":true},"in2DMode":false,"pivot":{"x":1.9953539371490479,"y":0.16740570962429048,"z":-0.018800919875502588},"rotation":{"x":-0.33940479159355166,"y":-0.15505732595920564,"z":0.056829195469617847,"w":-0.9260361194610596},"size":3.1167891025543215,"orthographic":false}