{"cameraMode":{"drawMode":0,"name":"Shaded","section":"Shading Mode"},"sceneLighting":false,"audioPlay":false,"sceneViewState":{"m_AlwaysRefresh":false,"showFog":true,"showSkybox":false,"showFlares":true,"showImageEffects":true,"showParticleSystems":true,"showVisualEffectGraphs":true,"m_FxEnabled":true},"in2DMode":false,"pivot":{"x":2.3221020698547365,"y":-0.05154350399971008,"z":-5.641918659210205},"rotation":{"x":0.00438077375292778,"y":0.9956037998199463,"z":-0.06911558657884598,"w":0.06310725212097168},"size":1.0475029945373536,"orthographic":false}