{"cameraMode":{"drawMode":0,"name":"Shaded","section":"Shading Mode"},"sceneLighting":false,"audioPlay":false,"sceneViewState":{"m_AlwaysRefresh":false,"showFog":true,"showSkybox":false,"showFlares":true,"showImageEffects":true,"showParticleSystems":true,"showVisualEffectGraphs":true,"m_FxEnabled":true},"in2DMode":false,"pivot":{"x":-1.1744855642318726,"y":-0.03367861732840538,"z":0.5133752226829529},"rotation":{"x":-0.07977200299501419,"y":-0.845618486404419,"z":0.13195939362049104,"w":-0.5110954642295837},"size":0.8718082904815674,"orthographic":false}