{"cameraMode":{"drawMode":0,"name":"Shaded","section":"Shading Mode"},"sceneLighting":false,"audioPlay":false,"sceneViewState":{"m_AlwaysRefresh":false,"showFog":true,"showSkybox":false,"showFlares":true,"showImageEffects":true,"showParticleSystems":true,"showVisualEffectGraphs":true,"m_FxEnabled":true},"in2DMode":false,"pivot":{"x":0.6483544111251831,"y":1.0287916660308838,"z":-0.6275296211242676},"rotation":{"x":0.022523950785398485,"y":-0.6687798500061035,"z":0.020276498049497606,"w":0.7428874373435974},"size":1.2354973554611207,"orthographic":false}