{"cameraMode":{"drawMode":0,"name":"Shaded","section":"Shading Mode"},"sceneLighting":false,"audioPlay":false,"sceneViewState":{"m_AlwaysRefresh":false,"showFog":true,"showSkybox":false,"showFlares":true,"showImageEffects":true,"showParticleSystems":true,"showVisualEffectGraphs":true,"m_FxEnabled":true},"in2DMode":false,"pivot":{"x":-0.6107460856437683,"y":0.41065526008605959,"z":-0.08444269001483917},"rotation":{"x":0.07637153565883637,"y":-0.5703540444374085,"z":0.053379930555820468,"w":0.8161392211914063},"size":1.9205615520477296,"orthographic":false}